{
    "cmap": {
        "rows": 100,
        "cols": 3,
        "data": [
       0.8549,
      0.84706,
      0.84314,
      0.83922,
      0.83529,
      0.82745,
      0.82353,
      0.81961,
      0.81176,
      0.80784,
          0.8,
      0.79216,
      0.78431,
      0.77647,
      0.76863,
      0.76078,
      0.74902,
      0.74118,
      0.73333,
      0.72157,
       0.7098,
      0.70196,
       0.6902,
      0.67843,
      0.67059,
      0.65882,
      0.64706,
      0.63922,
      0.62745,
      0.61569,
      0.60392,
      0.59216,
      0.58039,
      0.56863,
      0.55686,
       0.5451,
      0.52941,
      0.51765,
      0.50588,
      0.49412,
      0.48235,
      0.47059,
      0.45882,
      0.44314,
      0.43137,
      0.41961,
      0.40392,
      0.39216,
      0.37647,
      0.36471,
      0.35294,
      0.34118,
      0.32941,
      0.31765,
      0.30588,
      0.29412,
      0.28627,
      0.27451,
      0.26667,
       0.2549,
      0.24706,
      0.23922,
      0.23137,
      0.21961,
      0.21176,
      0.20392,
      0.19608,
      0.18824,
      0.17647,
      0.16863,
      0.16078,
      0.14902,
      0.13725,
      0.12549,
      0.11373,
      0.10196,
     0.090196,
     0.078431,
     0.066667,
     0.054902,
     0.047059,
     0.043137,
     0.035294,
     0.031373,
     0.031373,
     0.031373,
     0.031373,
     0.031373,
     0.031373,
     0.031373,
     0.031373,
     0.031373,
     0.031373,
     0.031373,
     0.031373,
     0.031373,
     0.031373,
     0.031373,
     0.031373,
     0.031373,
      0.94118,
      0.94118,
      0.93725,
      0.93725,
      0.93333,
      0.93333,
      0.92941,
      0.92941,
      0.92549,
      0.92549,
      0.92157,
      0.91765,
      0.91765,
      0.91373,
       0.9098,
      0.90588,
      0.90196,
      0.89804,
      0.89412,
       0.8902,
      0.88627,
      0.88235,
      0.87843,
      0.87451,
      0.87059,
      0.86667,
      0.86275,
      0.85882,
       0.8549,
      0.85098,
      0.84706,
      0.84314,
      0.83922,
      0.83529,
      0.83137,
      0.82353,
      0.81961,
      0.81569,
      0.81176,
      0.80392,
          0.8,
      0.79608,
      0.78824,
      0.78431,
      0.77647,
      0.76863,
      0.76471,
      0.75686,
      0.74902,
      0.74118,
      0.73333,
      0.72549,
      0.71765,
       0.7098,
      0.70196,
      0.69412,
      0.68627,
      0.67451,
      0.66667,
       0.6549,
      0.64314,
      0.63529,
      0.62353,
      0.61176,
          0.6,
      0.59216,
      0.58039,
      0.56863,
      0.56078,
      0.54902,
      0.54118,
      0.52941,
      0.52157,
       0.5098,
      0.50196,
      0.49412,
      0.48235,
      0.47451,
      0.46667,
       0.4549,
      0.44706,
      0.43529,
      0.42745,
      0.41961,
      0.40784,
      0.39608,
      0.38824,
      0.37647,
      0.36863,
      0.35686,
       0.3451,
      0.33725,
      0.32549,
      0.31373,
      0.30588,
      0.29412,
      0.28235,
      0.27451,
      0.26275,
      0.25098,
      0.82745,
      0.82353,
      0.81569,
      0.81176,
      0.80392,
          0.8,
      0.79216,
      0.78824,
      0.78431,
      0.77647,
      0.77255,
      0.76863,
      0.76078,
      0.75686,
      0.75294,
       0.7451,
      0.74118,
      0.73333,
      0.72941,
      0.72549,
      0.72157,
      0.71765,
      0.71373,
       0.7098,
       0.7098,
       0.7098,
       0.7098,
       0.7098,
      0.71373,
      0.71765,
      0.72157,
      0.72549,
      0.72941,
      0.73333,
      0.73725,
       0.7451,
      0.74902,
      0.75294,
      0.76078,
      0.76471,
      0.76863,
      0.77255,
      0.77647,
      0.78431,
      0.78824,
      0.79608,
          0.8,
      0.80392,
      0.81176,
      0.81569,
      0.81961,
      0.82353,
      0.82353,
      0.82745,
      0.82745,
      0.82745,
      0.82353,
      0.81961,
      0.81569,
      0.81176,
      0.80392,
          0.8,
      0.79216,
      0.78431,
      0.77647,
      0.76863,
      0.76471,
      0.75686,
      0.74902,
       0.7451,
      0.74118,
      0.73725,
      0.72941,
      0.72549,
      0.72157,
      0.71765,
      0.71373,
       0.7098,
      0.70588,
      0.70196,
      0.69804,
       0.6902,
      0.68627,
      0.68235,
      0.67451,
      0.66667,
      0.65882,
      0.65098,
      0.64314,
      0.63137,
      0.62353,
      0.61176,
          0.6,
      0.58824,
      0.57255,
      0.56078,
      0.54902,
      0.53333,
      0.52157,
      0.50588
        ]
    }
}     
