{
    "linear_membrane_model": {
        "rows": 3,
        "cols": 3,
        "data": [
            -3.314300,
            -1.494600,
             0.921320,
            -0.801560,
             0.844680,
            -0.092936,
             0.415190,
            -0.129970,
             0.000000
        ]
    }
}